,gen,width,height,performance
0,100,1000,1000,1.90071
1,10000,100,100,2.69502
